,assists,assistsPG,blocks,blocksPG,cnName,defensiveRebounds,defensiveReboundsPG,doubleDoubles,efficiencyPG,ejections,enName,fgAttempted,fgAttemptedPG,fgMade,fgMissed,fgPCT,flagrantFouls,fouls,foulsPG,ftAttempted,ftAttemptedPG,ftMade,ftMadePG,ftMissed,ftPCT,games,gamesStarted,jerseyNum,minutes,minutesPG,offensiveRebounds,offensiveReboundsPG,playerId,points,pointsPG,rebounds,reboundsPG,seasonId,seasonType,steals,stealsPG,tFouls,teamId,teamName,threesAttempted,threesAttemptedPG,threesMade,threesMadePG,threesMisses,threesPCT,tripleDoubles,turnovers,turnoversPG
0,54,4.500,12,1.000,凯文-杜兰特,58,4.800,0,0.000,0,Kevin Durant,243,20.250,125,0,0.5,0,38,3.200,113,9.417,102,2.917,0,0.903,12,12,7,442,36.800,1,0.100,4244,387,32.300,59,4.900,2018,2,13,1.100,0,9,勇士,80,6.667,35,2.917,0,0.438,0,43,3.600
1,73,6.600,10,0.900,詹姆斯-哈登,66,6.000,4,0.000,0,James Harden,264,24.000,109,0,0.4,0,41,3.700,98,8.909,82,4.364,0,0.837,11,11,13,424,38.500,9,0.800,4563,348,31.600,75,6.800,2018,2,24,2.200,0,10,火箭,137,12.455,48,4.364,0,0.350,1,51,4.600
2,94,3.900,17,0.700,科怀-莱昂纳德,164,6.800,9,0.000,0,Kawhi Leonard,496,20.667,243,0,0.5,0,56,2.300,216,9.000,191,2.292,0,0.884,24,24,2,939,39.100,54,2.300,4896,732,30.500,218,9.100,2018,2,40,1.700,0,28,猛龙,145,6.042,55,2.292,0,0.379,0,74,3.100
3,18,3.600,1,0.200,保罗-乔治,37,7.400,2,0.000,0,Paul George,101,20.200,44,0,0.4,0,21,4.200,49,9.800,40,3.000,0,0.816,5,5,13,204,40.800,6,1.200,4725,143,28.600,43,8.600,2018,2,7,1.400,0,25,雷霆,47,9.400,15,3.000,0,0.319,0,21,4.200
4,126,5.700,4,0.200,斯蒂芬-库里,115,5.200,3,0.000,0,Stephen Curry,431,19.591,190,0,0.4,0,68,3.100,157,7.136,148,4.182,0,0.943,22,22,30,846,38.500,17,0.800,4612,620,28.200,132,6.000,2018,2,24,1.100,0,9,勇士,244,11.091,92,4.182,0,0.377,1,66,3.000
5,106,6.600,5,0.300,达米安-利拉德,68,4.300,3,0.000,0,Damian Lillard,330,20.625,138,0,0.4,0,40,2.500,114,7.125,95,3.688,0,0.833,16,16,0,650,40.600,8,0.500,5012,430,26.900,76,4.800,2018,2,27,1.700,0,22,开拓者,158,9.875,59,3.688,0,0.373,0,60,3.800
6,73,4.900,30,2.000,扬尼斯-阿德托昆博,147,9.800,10,0.000,0,Giannis Antetokounmpo,261,17.400,129,0,0.5,0,48,3.200,168,11.200,107,1.200,0,0.637,15,15,34,514,34.300,36,2.400,5185,383,25.500,183,12.200,2018,2,18,1.200,0,15,雄鹿,55,3.667,18,1.200,0,0.327,0,50,3.300
7,118,8.400,13,0.900,尼古拉-约基奇,128,9.100,12,0.000,0,Nikola Jokic,261,18.643,132,0,0.5,0,54,3.900,78,5.571,66,1.571,0,0.846,14,14,15,556,39.700,54,3.900,5352,352,25.100,182,13.000,2018,2,16,1.100,0,7,掘金,56,4.000,22,1.571,0,0.393,4,36,2.600
8,59,3.700,10,0.600,C.J.麦科勒姆,66,4.100,0,0.000,0,CJ McCollum,350,21.875,154,0,0.4,0,34,2.100,56,3.500,41,2.875,0,0.732,16,16,3,635,39.700,14,0.900,5405,395,24.700,80,5.000,2018,2,13,0.800,0,22,开拓者,117,7.313,46,2.875,0,0.393,0,30,1.900
9,12,6.000,0,0.000,布雷克-格里芬,8,4.000,0,0.000,0,Blake Griffin,39,19.500,18,0,0.5,0,9,4.500,7,3.500,7,3.000,0,1.000,2,2,23,58,29.000,4,2.000,4561,49,24.500,12,6.000,2018,2,2,1.000,0,8,活塞,13,6.500,6,3.000,0,0.462,0,6,3.000
10,53,10.600,3,0.600,拉塞尔-韦斯布鲁克,38,7.600,4,0.000,0,Russell Westbrook,111,22.200,40,0,0.4,0,19,3.800,26,5.200,23,2.200,0,0.885,5,5,4,197,39.400,7,1.400,4390,114,22.800,45,9.000,2018,2,5,1.000,0,25,雷霆,34,6.800,11,2.200,0,0.324,2,23,4.600
11,32,4.600,1,0.100,德玛尔-德罗赞,37,5.300,1,0.000,0,DeMar DeRozan,119,17.000,58,0,0.5,0,16,2.300,44,6.286,38,0.000,0,0.864,7,7,10,251,35.900,10,1.400,4614,154,22.000,47,6.700,2018,2,8,1.100,0,24,马刺,1,0.143,0,0.000,0,0.000,0,12,1.700
12,46,7.700,1,0.200,路易斯-威廉姆斯,11,1.800,2,0.000,0,Lou Williams,104,17.333,45,0,0.4,0,14,2.300,41,6.833,34,1.000,0,0.829,6,0,23,176,29.300,6,1.000,3971,130,21.700,17,2.800,2018,2,5,0.800,0,12,快船,18,3.000,6,1.000,0,0.333,0,18,3.000
13,16,3.200,1,0.200,多诺万米切尔,18,3.600,0,0.000,0,Donovan Mitchell,112,22.400,36,0,0.3,0,15,3.000,33,6.600,24,2.200,0,0.727,5,5,45,193,38.600,7,1.400,1962937730,107,21.400,25,5.000,2018,2,8,1.600,0,26,爵士,43,8.600,11,2.200,0,0.256,0,21,4.200
14,66,4.700,2,0.100,贾马尔-穆雷,42,3.000,1,0.000,0,Jamal Murray,252,18.000,107,0,0.4,0,24,1.700,62,4.429,56,2.000,0,0.903,14,14,27,508,36.300,19,1.400,1962937421,298,21.300,61,4.400,2018,2,14,1.000,0,7,掘金,83,5.929,28,2.000,0,0.337,0,22,1.600
15,63,7.000,4,0.400,凯里-欧文,34,3.800,3,0.000,0,Kyrie Irving,179,19.889,69,0,0.4,0,26,2.900,40,4.444,36,2.000,0,0.900,9,9,11,330,36.700,5,0.600,4840,192,21.300,39,4.300,2018,2,13,1.400,0,2,凯尔特人,58,6.444,18,2.000,0,0.310,0,28,3.100
16,15,3.000,2,0.400,卡里斯-勒维尔,17,3.400,0,0.000,0,Caris LeVert,73,14.600,36,0,0.5,0,8,1.600,29,5.800,21,2.400,0,0.724,5,2,22,144,28.800,6,1.200,1962937419,105,21.000,23,4.600,2018,2,5,1.000,0,17,篮网,26,5.200,12,2.400,0,0.462,0,10,2.000
17,44,2.100,15,0.700,克雷-汤普森,74,3.500,0,0.000,0,Klay Thompson,360,17.143,164,0,0.5,0,59,2.800,41,1.952,37,3.333,0,0.902,21,21,11,818,39.000,12,0.600,4892,435,20.700,86,4.100,2018,2,28,1.300,0,9,勇士,158,7.524,70,3.333,0,0.443,0,38,1.800
18,37,3.400,25,2.300,乔尔-恩比德,94,8.500,7,0.000,0,Joel Embiid,159,14.455,68,0,0.4,0,34,3.100,90,8.182,74,1.091,0,0.822,11,11,21,334,30.400,21,1.900,5294,222,20.200,115,10.500,2018,2,8,0.700,0,20,76人,39,3.545,12,1.091,0,0.308,0,40,3.600
19,19,2.700,7,1.000,拉马库斯-阿尔德里奇,48,6.900,4,0.000,0,LaMarcus Aldridge,121,17.286,55,0,0.5,0,21,3.000,33,4.714,27,0.429,0,0.818,7,7,12,244,34.900,19,2.700,4130,140,20.000,67,9.600,2018,2,5,0.700,0,24,马刺,11,1.571,3,0.429,0,0.273,0,7,1.000
20,16,2.700,1,0.200,达尼罗-加里纳利,28,4.700,0,0.000,0,Danilo Gallinari,111,18.500,39,0,0.4,0,14,2.300,33,5.500,28,2.167,0,0.848,6,6,8,201,33.500,9,1.500,4468,119,19.800,37,6.200,2018,2,8,1.300,0,12,快船,43,7.167,13,2.167,0,0.302,0,11,1.800
21,62,5.200,7,0.600,吉米-巴特勒,50,4.200,2,0.000,0,Jimmy Butler,175,14.583,79,0,0.5,0,20,1.700,72,6.000,63,1.000,0,0.875,12,12,22,421,35.100,22,1.800,4912,233,19.400,72,6.000,2018,2,18,1.500,0,20,76人,45,3.750,12,1.000,0,0.267,0,22,1.800
22,18,3.600,1,0.200,丹吉洛-拉塞尔,16,3.200,0,0.000,0,D'Angelo Russell,103,20.600,37,0,0.4,0,12,2.400,13,2.600,11,2.400,0,0.846,5,5,0,148,29.600,2,0.400,5543,97,19.400,18,3.600,2018,2,7,1.400,0,17,篮网,37,7.400,12,2.400,0,0.324,0,14,2.800
23,66,2.800,17,0.700,帕斯卡尔-西亚卡姆,131,5.500,6,0.000,0,Pascal Siakam,383,15.958,180,0,0.5,0,67,2.800,87,3.625,66,1.208,0,0.759,24,24,43,891,37.100,40,1.700,1962937454,455,19.000,171,7.100,2018,2,24,1.000,0,28,猛龙,104,4.333,29,1.208,0,0.279,0,33,1.400
24,13,2.200,4,0.700,蒙特雷斯-哈雷尔,21,3.500,1,0.000,0,Montrezl Harrell,63,10.500,46,0,0.7,0,19,3.200,26,4.333,18,0.000,0,0.692,6,0,15,158,26.300,12,2.000,5574,110,18.300,33,5.500,2018,2,3,0.500,0,12,快船,1,0.167,0,0.000,0,0.000,0,8,1.300
25,11,2.800,0,0.000,博扬-博格达诺维奇,20,5.000,0,0.000,0,Bojan Bogdanovic,63,15.750,25,0,0.4,0,7,1.800,17,4.250,15,1.750,0,0.882,4,4,44,148,37.000,3,0.800,4913,72,18.000,23,5.800,2018,2,8,2.000,0,11,步行者,22,5.500,7,1.750,0,0.318,0,6,1.500
26,28,7.000,0,0.000,雷吉-杰克逊,8,2.000,0,0.000,0,Reggie Jackson,65,16.250,28,0,0.4,0,12,3.000,7,1.750,6,2.250,0,0.857,4,4,1,108,27.000,5,1.300,4906,71,17.800,13,3.300,2018,2,3,0.800,0,8,活塞,21,5.250,9,2.250,0,0.429,0,5,1.300
27,14,1.300,11,1.000,埃里克-戈登,23,2.100,0,0.000,0,Eric Gordon,150,13.636,67,0,0.4,0,22,2.000,28,2.545,24,3.455,0,0.857,11,11,10,410,37.300,5,0.500,4469,196,17.800,28,2.500,2018,2,7,0.600,0,10,火箭,95,8.636,38,3.455,0,0.400,0,27,2.500
28,60,5.500,7,0.600,克里斯-保罗,56,5.100,1,0.000,0,Chris Paul,148,13.455,66,0,0.4,0,36,3.300,45,4.091,38,1.545,0,0.844,11,11,3,397,36.100,14,1.300,3930,187,17.000,70,6.400,2018,2,24,2.200,0,10,火箭,63,5.727,17,1.545,0,0.270,0,37,3.400
29,66,4.400,0,0.000,克里斯-米德尔顿,86,5.700,3,0.000,0,Khris Middleton,201,13.400,84,0,0.4,0,44,2.900,52,3.467,46,2.667,0,0.885,15,15,22,515,34.300,9,0.600,5073,254,16.900,95,6.300,2018,2,9,0.600,0,15,雄鹿,92,6.133,40,2.667,0,0.435,0,29,1.900
30,48,4.000,6,0.500,托拜亚斯-哈里斯,98,8.200,3,0.000,0,Tobias Harris,167,13.917,71,0,0.4,0,30,2.500,26,2.167,22,1.833,0,0.846,12,12,12,443,36.900,12,1.000,4901,186,15.500,110,9.200,2018,2,13,1.100,0,20,76人,63,5.250,22,1.833,0,0.349,0,20,1.700
31,43,8.600,1,0.200,里基-卢比奥,13,2.600,2,0.000,0,Ricky Rubio,66,13.200,28,0,0.4,0,14,2.800,20,4.000,17,0.800,0,0.850,5,5,11,168,33.600,3,0.600,4610,77,15.400,16,3.200,2018,2,12,2.400,0,26,爵士,20,4.000,4,0.800,0,0.200,0,15,3.000
32,3,0.800,1,0.300,泰瑞克-埃文斯,17,4.300,0,0.000,0,Tyreke Evans,48,12.000,21,0,0.4,0,8,2.000,14,3.500,8,2.750,0,0.571,4,0,12,84,21.000,0,0.000,4564,61,15.300,17,4.300,2018,2,3,0.800,0,11,步行者,20,5.000,11,2.750,0,0.550,0,6,1.500
33,18,3.600,1,0.200,阿隆-戈登,25,5.000,1,0.000,0,Aaron Gordon,62,12.400,29,0,0.5,0,16,3.200,19,3.800,10,1.600,0,0.526,5,5,0,164,32.800,11,2.200,5295,76,15.200,36,7.200,2018,2,6,1.200,0,19,魔术,20,4.000,8,1.600,0,0.400,0,13,2.600
34,17,1.900,7,0.800,杰森-塔图姆,53,5.900,2,0.000,0,Jayson Tatum,112,12.444,49,0,0.4,0,21,2.300,39,4.333,29,1.111,0,0.744,9,9,0,295,32.800,7,0.800,1962937724,137,15.200,60,6.700,2018,2,10,1.100,0,2,凯尔特人,31,3.444,10,1.111,0,0.323,0,18,2.000
35,21,3.000,5,0.700,德里克-怀特,20,2.900,0,0.000,0,Derrick White,75,10.714,41,0,0.5,0,17,2.400,26,3.714,19,0.714,0,0.731,7,7,4,191,27.300,1,0.100,1962937753,106,15.100,21,3.000,2018,2,5,0.700,0,24,马刺,17,2.429,5,0.714,0,0.294,0,15,2.100
36,7,1.800,1,0.300,卢克-肯纳德,16,4.000,0,0.000,0,Luke Kennard,47,11.750,23,0,0.5,0,6,1.500,6,1.500,5,2.250,0,0.833,4,2,5,133,33.300,0,0.000,1962937731,60,15.000,16,4.000,2018,2,3,0.800,0,8,活塞,15,3.750,9,2.250,0,0.600,0,3,0.800
37,159,6.600,7,0.300,凯尔-洛瑞,96,4.000,2,0.000,0,Kyle Lowry,277,11.542,122,0,0.4,0,96,4.000,81,3.375,65,2.167,0,0.802,24,24,7,900,37.500,21,0.900,4152,361,15.000,117,4.900,2018,2,31,1.300,0,28,猛龙,145,6.042,52,2.167,0,0.359,0,54,2.300
38,11,0.800,15,1.100,保罗-米尔萨普,70,5.000,3,0.000,0,Paul Millsap,156,11.143,73,0,0.5,0,48,3.400,61,4.357,47,0.857,0,0.770,14,14,4,469,33.500,24,1.700,4175,205,14.600,94,6.700,2018,2,12,0.900,0,7,掘金,38,2.714,12,0.857,0,0.316,0,18,1.300
39,8,1.600,0,0.000,斯宾瑟-丁威迪,9,1.800,0,0.000,0,Spencer Dinwiddie,62,12.400,27,0,0.4,0,10,2.000,14,2.800,10,1.800,0,0.714,5,0,26,131,26.200,4,0.800,5349,73,14.600,13,2.600,2018,2,2,0.400,0,17,篮网,24,4.800,9,1.800,0,0.375,0,8,1.600
40,9,2.300,5,1.300,安德鲁-德拉蒙德,32,8.000,4,0.000,0,Andre Drummond,54,13.500,24,0,0.4,0,17,4.300,21,5.250,9,0.000,0,0.429,4,4,3,127,31.800,20,5.000,5015,57,14.300,52,13.000,2018,2,6,1.500,0,8,活塞,1,0.250,0,0.000,0,0.000,0,11,2.800
41,32,2.300,8,0.600,加里-哈里斯,49,3.500,0,0.000,0,Gary Harris,158,11.286,73,0,0.5,0,38,2.700,38,2.714,33,1.429,0,0.868,14,14,14,517,36.900,9,0.600,5330,199,14.200,58,4.100,2018,2,12,0.900,0,7,掘金,57,4.071,20,1.429,0,0.351,0,11,0.800
42,10,1.100,2,0.200,杰伦-布朗,46,5.100,0,0.000,0,Jaylen Brown,87,9.667,44,0,0.5,0,30,3.300,30,3.333,23,1.556,0,0.767,9,9,7,274,30.400,6,0.700,1962937413,125,13.900,52,5.800,2018,2,6,0.700,0,2,凯尔特人,40,4.444,14,1.556,0,0.350,0,16,1.800
43,72,6.000,12,1.000,本-西蒙斯,61,5.100,1,0.000,0,Ben Simmons,116,9.667,72,0,0.6,0,45,3.800,40,3.333,23,0.000,0,0.575,12,12,25,421,35.100,23,1.900,1962937408,167,13.900,84,7.000,2018,2,15,1.300,0,20,76人,0,0.000,0,0.000,0,0.000,1,32,2.700
44,40,4.400,7,0.800,艾尔-霍福德,68,7.600,3,0.000,0,Al Horford,110,12.222,46,0,0.4,0,21,2.300,18,2.000,15,2.000,0,0.833,9,9,42,310,34.400,13,1.400,4245,125,13.900,81,9.000,2018,2,4,0.400,0,2,凯尔特人,44,4.889,18,2.000,0,0.409,0,19,2.100
45,17,3.400,0,0.000,丹尼斯-施罗德,14,2.800,0,0.000,0,Dennis Schroder,55,11.000,25,0,0.5,0,11,2.200,18,3.600,13,1.200,0,0.722,5,0,17,151,30.200,2,0.400,5187,69,13.800,16,3.200,2018,2,4,0.800,0,25,雷霆,20,4.000,6,1.200,0,0.300,0,6,1.200
46,64,4.300,6,0.400,埃里克-布莱德索,36,2.400,0,0.000,0,Eric Bledsoe,185,12.333,76,0,0.4,0,28,1.900,51,3.400,36,1.133,0,0.706,15,15,6,423,28.200,20,1.300,4749,205,13.700,56,3.700,2018,2,16,1.100,0,15,雄鹿,72,4.800,17,1.133,0,0.236,0,32,2.100
47,19,3.200,5,0.800,亚历山大,12,2.000,0,0.000,0,Shai Gilgeous-Alexander,60,10.000,28,0,0.5,0,17,2.800,20,3.333,17,1.500,0,0.850,6,6,2,173,28.800,4,0.700,1962938060,82,13.700,16,2.700,2018,2,6,1.000,0,12,快船,18,3.000,9,1.500,0,0.500,0,5,0.800
48,11,1.200,5,0.600,马库斯-莫里斯,61,6.800,2,0.000,0,Marcus Morris Sr.,79,8.778,41,0,0.5,0,22,2.400,31,3.444,23,2.000,0,0.742,9,4,31,254,28.200,12,1.300,4895,123,13.700,73,8.100,2018,2,1,0.100,0,2,凯尔特人,40,4.444,18,2.000,0,0.450,0,7,0.800
49,19,1.600,3,0.300,JJ-雷迪克,16,1.300,0,0.000,0,JJ Redick,124,10.333,54,0,0.4,0,32,2.700,20,1.667,17,3.000,0,0.850,12,12,4,375,31.300,2,0.200,5395,161,13.400,18,1.500,2018,2,1,0.100,0,20,76人,87,7.250,36,3.000,0,0.414,0,22,1.800
50,187,8.500,33,1.500,德雷蒙德-格林,182,8.300,14,0.000,0,Draymond Green,229,10.409,114,0,0.5,0,85,3.900,71,3.227,51,0.591,0,0.718,22,22,23,850,38.600,41,1.900,5069,292,13.300,223,10.100,2018,2,32,1.500,0,9,勇士,57,2.591,13,0.591,0,0.228,6,83,3.800
51,6,1.500,5,1.300,朗戴 霍利斯-杰弗森,9,2.300,0,0.000,0,Rondae Hollis-Jefferson,33,8.250,16,0,0.5,0,7,1.800,25,6.250,20,0.250,0,0.800,4,0,4,62,15.500,3,0.800,5563,53,13.300,12,3.000,2018,2,1,0.300,0,17,篮网,1,0.250,1,0.250,0,1.000,0,3,0.800
52,7,1.400,2,0.400,特伦斯-罗斯,17,3.400,0,0.000,0,Terrence Ross,54,10.800,20,0,0.4,0,10,2.000,17,3.400,14,2.400,0,0.824,5,0,31,146,29.200,1,0.200,5014,66,13.200,18,3.600,2018,2,6,1.200,0,19,魔术,35,7.000,12,2.400,0,0.343,0,10,2.000
53,24,3.400,1,0.100,马尔科姆-布罗格登,28,4.000,1,0.000,0,Malcolm Brogdon,78,11.143,35,0,0.4,0,16,2.300,11,1.571,7,2.000,0,0.636,7,2,7,198,28.300,6,0.900,1962937442,91,13.000,34,4.900,2018,2,5,0.700,0,15,雄鹿,37,5.286,14,2.000,0,0.378,0,10,1.400
54,19,3.800,1,0.200,D.J.奥古斯丁,7,1.400,0,0.000,0,D.J. Augustin,41,8.200,20,0,0.5,0,7,1.400,16,3.200,14,2.000,0,0.875,5,5,14,141,28.200,1,0.200,4471,64,12.800,8,1.600,2018,2,2,0.400,0,19,魔术,21,4.200,10,2.000,0,0.476,0,7,1.400
55,10,2.000,0,0.000,伊万-福尼耶,13,2.600,0,0.000,0,Evan Fournier,69,13.800,24,0,0.3,0,14,2.800,8,1.600,6,1.600,0,0.750,5,5,10,175,35.000,3,0.600,5054,62,12.400,16,3.200,2018,2,7,1.400,0,19,魔术,34,6.800,8,1.600,0,0.235,0,12,2.400
56,16,4.000,0,0.000,达伦-科里森,8,2.000,0,0.000,0,Darren Collison,45,11.250,19,0,0.4,0,11,2.800,6,1.500,6,1.000,0,1.000,4,4,2,117,29.300,4,1.000,4626,48,12.000,12,3.000,2018,2,2,0.500,0,11,步行者,11,2.750,4,1.000,0,0.364,0,10,2.500
57,7,1.400,5,1.000,斯蒂文-亚当斯,24,4.800,0,0.000,0,Steven Adams,42,8.400,28,0,0.7,0,13,2.600,8,1.600,3,0.000,0,0.375,5,5,12,159,31.800,12,2.400,5163,59,11.800,36,7.200,2018,2,5,1.000,0,25,雷霆,1,0.200,0,0.000,0,0.000,0,9,1.800
58,4,0.800,9,1.800,德里克-费沃斯,22,4.400,2,0.000,0,Derrick Favors,36,7.200,23,0,0.6,0,12,2.400,19,3.800,13,0.000,0,0.684,5,2,22,103,20.600,15,3.000,4718,59,11.800,37,7.400,2018,2,4,0.800,0,26,爵士,3,0.600,0,0.000,0,0.000,0,5,1.000
59,4,0.800,10,2.000,杰拉米-格兰特,21,4.200,0,0.000,0,Jerami Grant,40,8.000,20,0,0.5,0,13,2.600,13,2.600,9,1.800,0,0.692,5,5,9,176,35.200,6,1.200,5350,58,11.600,27,5.400,2018,2,3,0.600,0,25,雷霆,20,4.000,9,1.800,0,0.450,0,4,0.800
60,42,2.800,4,0.300,乔治-希尔,38,2.500,0,0.000,0,George Hill,118,7.867,63,0,0.5,0,34,2.300,33,2.200,27,1.333,0,0.818,15,0,3,395,26.300,15,1.000,4488,173,11.500,53,3.500,2018,2,12,0.800,0,15,雄鹿,48,3.200,20,1.333,0,0.417,0,6,0.400
61,19,1.200,9,0.600,伊内斯-坎特,102,6.400,5,0.000,0,Enes Kanter,146,9.125,75,0,0.5,0,36,2.300,41,2.563,31,0.063,0,0.756,16,14,11,461,28.800,52,3.300,4899,182,11.400,154,9.600,2018,2,11,0.700,0,22,开拓者,4,0.250,1,0.063,0,0.250,0,26,1.600
62,19,1.700,8,0.700,PJ-塔克,63,5.700,4,0.000,0,P.J. Tucker,88,8.000,40,0,0.5,0,35,3.200,23,2.091,19,2.364,0,0.826,11,11,17,426,38.700,19,1.700,5396,125,11.400,82,7.500,2018,2,19,1.700,0,10,火箭,57,5.182,26,2.364,0,0.456,0,8,0.700
63,4,0.800,0,0.000,贾伊-克劳德,25,5.000,1,0.000,0,Jae Crowder,46,9.200,17,0,0.4,0,7,1.400,19,3.800,14,1.800,0,0.737,5,3,99,130,26.000,4,0.800,5068,57,11.400,29,5.800,2018,2,5,1.000,0,26,爵士,30,6.000,9,1.800,0,0.300,0,1,0.200
64,7,1.400,13,2.600,鲁迪-戈贝尔,28,5.600,2,0.000,0,Rudy Gobert,32,6.400,19,0,0.6,0,16,3.200,23,4.600,18,0.000,0,0.783,5,5,27,152,30.400,23,4.600,5197,56,11.200,51,10.200,2018,2,3,0.600,0,26,爵士,0,0.000,0,0.000,0,0.000,0,9,1.800
65,15,3.000,5,1.000,尼科拉-武切维奇,31,6.200,1,0.000,0,Nikola Vucevic,58,11.600,21,0,0.4,0,12,2.400,14,2.800,11,0.600,0,0.786,5,5,9,147,29.400,9,1.800,4897,56,11.200,40,8.000,2018,2,2,0.400,0,19,魔术,13,2.600,3,0.600,0,0.231,0,13,2.600
66,21,1.400,28,1.900,布鲁克-洛佩兹,70,4.700,1,0.000,0,Brook Lopez,134,8.933,61,0,0.5,0,46,3.100,29,1.933,24,1.467,0,0.828,15,15,11,438,29.200,12,0.800,4472,168,11.200,82,5.500,2018,2,6,0.400,0,15,雄鹿,75,5.000,22,1.467,0,0.293,0,10,0.700
67,12,1.700,5,0.700,鲁迪-盖伊,37,5.300,1,0.000,0,Rudy Gay,70,10.000,28,0,0.4,0,13,1.900,17,2.429,14,1.143,0,0.824,7,0,22,178,25.400,13,1.900,4136,78,11.100,50,7.100,2018,2,3,0.400,0,24,马刺,19,2.714,8,1.143,0,0.421,0,10,1.400
68,11,2.200,3,0.600,贾勒特艾伦,19,3.800,0,0.000,0,Jarrett Allen,32,6.400,19,0,0.6,0,13,2.600,20,4.000,17,0.000,0,0.850,5,5,31,110,22.000,15,3.000,1962937738,55,11.000,34,6.800,2018,2,3,0.600,0,17,篮网,0,0.000,0,0.000,0,0.000,0,8,1.600
69,5,0.800,0,0.000,贾麦考-格林,26,4.300,0,0.000,0,JaMychal Green,43,7.167,23,0,0.5,0,22,3.700,10,1.667,8,2.000,0,0.800,6,3,4,141,23.500,6,1.000,5262,66,11.000,32,5.300,2018,2,4,0.700,0,12,快船,23,3.833,12,2.000,0,0.522,0,11,1.800
70,7,1.000,1,0.100,布林-福布斯,24,3.400,0,0.000,0,Bryn Forbes,56,8.000,27,0,0.5,0,14,2.000,9,1.286,6,2.143,0,0.667,7,7,11,212,30.300,1,0.100,1962937501,75,10.700,25,3.600,2018,2,1,0.100,0,24,马刺,31,4.429,15,2.143,0,0.484,0,3,0.400
71,8,1.600,2,0.400,罗伊斯 奥尼尔,21,4.200,1,0.000,0,Royce O'Neale,45,9.000,21,0,0.5,0,15,3.000,4,0.800,3,1.600,0,0.750,5,0,23,137,27.400,2,0.400,1962937921,53,10.600,23,4.600,2018,2,2,0.400,0,26,爵士,23,4.600,8,1.600,0,0.348,0,10,2.000
72,15,3.800,3,0.800,赛迪斯-杨,19,4.800,0,0.000,0,Thaddeus Young,42,10.500,18,0,0.4,0,10,2.500,7,1.750,4,0.500,0,0.571,4,4,21,130,32.500,9,2.300,4290,42,10.500,28,7.000,2018,2,11,2.800,0,11,步行者,8,2.000,2,0.500,0,0.250,0,5,1.300
73,14,0.900,3,0.200,罗德尼-胡德,27,1.700,0,0.000,0,Rodney Hood,111,6.938,52,0,0.5,0,28,1.800,44,2.750,36,1.125,0,0.818,16,0,5,373,23.300,9,0.600,5334,158,9.900,36,2.300,2018,2,6,0.400,0,22,开拓者,51,3.188,18,1.125,0,0.353,0,7,0.400
74,28,4.700,6,1.000,帕特里克-贝弗利,40,6.700,3,0.000,0,Patrick Beverley,47,7.833,20,0,0.4,0,21,3.500,8,1.333,6,2.167,0,0.750,6,6,21,195,32.500,8,1.300,4647,59,9.800,48,8.000,2018,2,6,1.000,0,12,快船,30,5.000,13,2.167,0,0.433,0,10,1.700
75,6,1.500,7,1.800,迈尔斯-特纳,21,5.300,0,0.000,0,Myles Turner,35,8.750,14,0,0.4,0,14,3.500,13,3.250,8,0.750,0,0.615,4,4,33,126,31.500,4,1.000,5553,39,9.800,25,6.300,2018,2,0,0.000,0,11,步行者,14,3.500,3,0.750,0,0.214,0,3,0.800
76,83,4.000,23,1.100,安德鲁-伊格达拉,64,3.000,0,0.000,0,Andre Iguodala,166,7.905,82,0,0.5,0,43,2.000,37,1.762,14,1.333,0,0.378,21,15,28,629,30.000,27,1.300,3826,206,9.800,91,4.300,2018,2,24,1.100,0,9,勇士,80,3.810,28,1.333,0,0.350,0,21,1.000
77,16,1.500,12,1.100,克林特-卡佩拉,72,6.500,6,0.000,0,Clint Capela,82,7.455,46,0,0.6,0,26,2.400,35,3.182,15,0.000,0,0.429,11,11,15,331,30.100,41,3.700,5336,107,9.700,113,10.300,2018,2,3,0.300,0,10,火箭,0,0.000,0,0.000,0,0.000,0,16,1.500
78,22,2.400,3,0.300,戈登-海沃德,33,3.700,0,0.000,0,Gordon Hayward,70,7.778,29,0,0.4,0,16,1.800,19,2.111,19,1.000,0,1.000,9,0,20,267,29.700,3,0.300,4724,86,9.600,36,4.000,2018,2,6,0.700,0,2,凯尔特人,24,2.667,9,1.000,0,0.375,0,14,1.600
79,10,0.700,3,0.200,尼古拉-米罗蒂奇,43,3.100,1,0.000,0,Nikola Mirotic,117,8.357,44,0,0.4,0,25,1.800,28,2.000,23,1.571,0,0.821,14,8,41,298,21.300,17,1.200,4905,133,9.500,60,4.300,2018,2,10,0.700,0,15,雄鹿,76,5.429,22,1.571,0,0.289,0,14,1.000
80,73,3.000,26,1.100,马克-加索尔,138,5.800,1,0.000,0,Marc Gasol,180,7.500,76,0,0.4,0,84,3.500,46,1.917,40,1.417,0,0.870,24,24,14,735,30.600,16,0.700,4325,226,9.400,154,6.400,2018,2,21,0.900,0,28,猛龙,89,3.708,34,1.417,0,0.382,0,21,0.900
81,22,0.900,23,1.000,赛尔吉-伊巴卡,108,4.500,1,0.000,0,Serge Ibaka,193,8.042,92,0,0.5,0,79,3.300,42,1.750,32,0.375,0,0.762,24,0,9,500,20.800,35,1.500,4486,225,9.400,143,6.000,2018,2,11,0.500,0,28,猛龙,38,1.583,9,0.375,0,0.237,0,25,1.000
82,24,1.700,9,0.600,威尔-巴顿,52,3.700,1,0.000,0,Will Barton,135,9.643,47,0,0.3,0,19,1.400,26,1.857,18,1.071,0,0.692,14,3,5,328,23.400,15,1.100,5074,127,9.100,67,4.800,2018,2,4,0.300,0,7,掘金,55,3.929,15,1.071,0,0.273,0,14,1.000
83,3,0.600,0,0.000,乔-哈里斯,15,3.000,0,0.000,0,Joe Harris,43,8.600,16,0,0.4,0,12,2.400,8,1.600,8,0.800,0,1.000,5,5,12,149,29.800,6,1.200,5344,44,8.800,21,4.200,2018,2,3,0.600,0,17,篮网,21,4.200,4,0.800,0,0.190,0,9,1.800
84,16,4.000,1,0.300,多曼塔斯-萨博尼斯,22,5.500,0,0.000,0,Domantas Sabonis,29,7.250,12,0,0.4,0,12,3.000,14,3.500,9,0.250,0,0.643,4,0,11,96,24.000,7,1.800,1962937414,34,8.500,29,7.300,2018,2,3,0.800,0,11,步行者,4,1.000,1,0.250,0,0.250,0,5,1.300
85,23,1.400,16,1.000,毛里斯-哈克里斯,49,3.100,2,0.000,0,Maurice Harkless,109,6.813,52,0,0.5,0,56,3.500,36,2.250,23,0.438,0,0.639,16,16,8,388,24.300,29,1.800,5021,134,8.400,78,4.900,2018,2,18,1.100,0,22,开拓者,28,1.750,7,0.438,0,0.250,0,17,1.100
86,14,1.000,1,0.100,马利克-比斯利,37,2.600,0,0.000,0,Malik Beasley,93,6.643,36,0,0.4,0,20,1.400,31,2.214,22,1.357,0,0.710,14,0,5,281,20.100,11,0.800,1962937416,113,8.100,48,3.400,2018,2,3,0.200,0,7,掘金,47,3.357,19,1.357,0,0.404,0,7,0.500
87,11,3.700,0,0.000,沙巴兹-内皮尔,5,1.700,1,0.000,0,Shabazz Napier,11,3.667,7,0,0.6,0,1,0.300,8,2.667,7,1.000,0,0.875,3,0,5,28,9.300,2,0.700,5335,24,8.000,7,2.300,2018,2,1,0.300,0,17,篮网,5,1.667,3,1.000,0,0.600,0,0,0.000
88,62,2.600,6,0.300,弗雷德-万维利特,33,1.400,0,0.000,0,Fred VanVleet,166,6.917,65,0,0.4,0,49,2.000,31,1.292,24,1.583,0,0.774,24,0,23,592,24.700,7,0.300,1962937542,192,8.000,40,1.700,2018,2,18,0.800,0,28,猛龙,98,4.083,38,1.583,0,0.388,0,21,0.900
89,4,1.000,4,1.000,兰斯顿-加洛维,13,3.300,0,0.000,0,Langston Galloway,34,8.500,11,0,0.3,0,10,2.500,0,0.000,0,2.250,0,0.000,4,0,2,110,27.500,2,0.500,5388,31,7.800,15,3.800,2018,2,2,0.500,0,8,活塞,25,6.250,9,2.250,0,0.360,0,2,0.500
90,5,1.300,0,0.000,韦恩-埃灵顿,12,3.000,0,0.000,0,Wayne Ellington,35,8.750,11,0,0.3,0,4,1.000,2,0.500,2,1.750,0,1.000,4,4,8,131,32.800,3,0.800,4633,31,7.800,15,3.800,2018,2,3,0.800,0,8,活塞,22,5.500,7,1.750,0,0.318,0,2,0.500
91,10,1.700,0,0.000,兰德里-沙梅特,11,1.800,0,0.000,0,Landry Shamet,38,6.333,13,0,0.3,0,15,2.500,10,1.667,10,1.667,0,1.000,6,6,13,174,29.000,1,0.200,1962938080,46,7.700,12,2.000,2018,2,6,1.000,0,12,快船,31,5.167,10,1.667,0,0.323,0,7,1.200
92,12,1.100,1,0.100,迈尔斯-莱昂纳德,34,3.100,1,0.000,0,Meyers Leonard,65,5.909,34,0,0.5,0,27,2.500,9,0.818,3,1.273,0,0.333,11,2,0,170,15.500,6,0.500,5017,85,7.700,40,3.600,2018,2,3,0.300,0,22,开拓者,33,3.000,14,1.273,0,0.424,0,4,0.400
93,19,2.400,6,0.800,德马库斯-考辛斯,30,3.800,1,0.000,0,DeMarcus Cousins,53,6.625,21,0,0.4,0,24,3.000,25,3.125,16,0.375,0,0.640,8,5,15,133,16.600,9,1.100,4720,61,7.600,39,4.900,2018,2,5,0.600,0,9,勇士,12,1.500,3,0.375,0,0.250,0,19,2.400
94,12,1.100,3,0.300,詹姆斯-恩尼斯,26,2.400,0,0.000,0,James Ennis III,64,5.818,31,0,0.5,0,31,2.800,19,1.727,12,0.818,0,0.632,11,0,11,232,21.100,16,1.500,5220,83,7.500,42,3.800,2018,2,4,0.400,0,20,76人,32,2.909,9,0.818,0,0.281,0,10,0.900
95,4,1.000,0,0.000,科里-约瑟夫,6,1.500,0,0.000,0,Cory Joseph,24,6.000,12,0,0.5,0,7,1.800,2,0.500,2,1.000,0,1.000,4,0,9,85,21.300,1,0.300,4911,30,7.500,7,1.800,2018,2,3,0.800,0,11,步行者,9,2.250,4,1.000,0,0.444,0,0,0.000
96,10,1.000,1,0.100,奥斯汀-里弗斯,19,1.900,0,0.000,0,Austin Rivers,62,6.200,27,0,0.4,0,31,3.100,6,0.600,4,1.600,0,0.667,10,0,8,215,21.500,2,0.200,5016,74,7.400,21,2.100,2018,2,5,0.500,0,10,火箭,35,3.500,16,1.600,0,0.457,0,8,0.800
97,21,1.300,10,0.600,艾尔-法鲁克-阿米努,71,4.400,1,0.000,0,Al-Farouq Aminu,109,6.813,38,0,0.3,0,34,2.100,36,2.250,27,0.938,0,0.750,16,16,2,399,24.900,29,1.800,4723,118,7.400,100,6.300,2018,2,9,0.600,0,22,开拓者,51,3.188,15,0.938,0,0.294,0,16,1.000
98,12,1.700,5,0.700,雅各布-珀尔特尔,29,4.100,0,0.000,0,Jakob Poeltl,36,5.143,23,0,0.6,0,26,3.700,9,1.286,5,0.000,0,0.556,7,7,25,177,25.300,25,3.600,1962937422,51,7.300,54,7.700,2018,2,2,0.300,0,24,马刺,1,0.143,0,0.000,0,0.000,0,3,0.400
99,20,1.000,11,0.500,凯文-卢尼,53,2.500,1,0.000,0,Kevon Looney,93,4.429,64,0,0.7,0,50,2.400,29,1.381,21,0.000,0,0.724,21,1,5,431,20.500,41,2.000,5573,149,7.100,94,4.500,2018,2,12,0.600,0,9,勇士,0,0.000,0,0.000,0,0.000,0,13,0.600
100,8,2.000,1,0.300,韦斯利-马修斯,10,2.500,0,0.000,0,Wesley Matthews,30,7.500,9,0,0.3,0,6,1.500,3,0.750,3,1.750,0,1.000,4,4,9,119,29.800,0,0.000,4694,28,7.000,10,2.500,2018,2,3,0.800,0,11,步行者,21,5.250,7,1.750,0,0.333,0,8,2.000
101,26,1.100,11,0.500,丹尼-格林,70,2.900,0,0.000,0,Danny Green,155,6.458,53,0,0.3,0,60,2.500,23,0.958,21,1.625,0,0.913,24,24,14,684,28.500,17,0.700,4651,166,6.900,87,3.600,2018,2,32,1.300,0,28,猛龙,119,4.958,39,1.625,0,0.328,0,26,1.100
102,21,1.400,6,0.400,厄桑-伊利亚索瓦,51,3.400,0,0.000,0,Ersan Ilyasova,81,5.400,35,0,0.4,0,40,2.700,25,1.667,20,0.800,0,0.800,15,0,7,272,18.100,20,1.300,3962,102,6.800,71,4.700,2018,2,10,0.700,0,15,雄鹿,40,2.667,12,0.800,0,0.300,0,7,0.500
103,14,0.900,21,1.300,扎克-科林斯,41,2.600,0,0.000,0,Zach Collins,81,5.063,41,0,0.5,0,54,3.400,25,1.563,20,0.438,0,0.800,16,0,33,275,17.200,17,1.100,1962937732,109,6.800,58,3.600,2018,2,7,0.400,0,22,开拓者,21,1.313,7,0.438,0,0.333,0,20,1.300
104,2,0.400,5,1.000,乔纳森-艾萨克,21,4.200,0,0.000,0,Jonathan Isaac,40,8.000,11,0,0.3,0,9,1.800,8,1.600,7,0.800,0,0.875,5,5,1,137,27.400,10,2.000,1962937726,33,6.600,31,6.200,2018,2,2,0.400,0,19,魔术,20,4.000,4,0.800,0,0.200,0,5,1.000
105,12,0.900,5,0.400,托雷-克莱格,51,3.600,0,0.000,0,Torrey Craig,69,4.929,33,0,0.5,0,38,2.700,16,1.143,9,1.214,0,0.563,14,11,3,330,23.600,21,1.500,1962937871,92,6.600,72,5.100,2018,2,7,0.500,0,7,掘金,36,2.571,17,1.214,0,0.472,0,6,0.400
106,12,2.400,0,0.000,迈克尔 卡特-威廉姆斯,18,3.600,0,0.000,0,Michael Carter-Williams,31,6.200,12,0,0.4,0,12,2.400,8,1.600,7,0.400,0,0.875,5,0,7,92,18.400,2,0.400,5162,33,6.600,20,4.000,2018,2,3,0.600,0,19,魔术,8,1.600,2,0.400,0,0.250,0,8,1.600
107,2,0.400,0,0.000,德玛雷-卡罗尔,14,2.800,0,0.000,0,DeMarre Carroll,38,7.600,9,0,0.2,0,8,1.600,8,1.600,8,1.400,0,1.000,5,3,9,119,23.800,6,1.200,4632,33,6.600,20,4.000,2018,2,4,0.800,0,17,篮网,24,4.800,7,1.400,0,0.292,0,3,0.600
108,26,1.100,0,0.000,诺曼-鲍威尔,46,2.000,0,0.000,0,Norman Powell,126,5.478,56,0,0.4,0,31,1.300,19,0.826,14,1.043,0,0.737,23,0,24,366,15.900,5,0.200,5589,150,6.500,51,2.200,2018,2,9,0.400,0,28,猛龙,62,2.696,24,1.043,0,0.387,0,12,0.500
109,25,5.000,0,0.000,乔-因戈尔斯,21,4.200,0,0.000,0,Joe Ingles,37,7.400,12,0,0.3,0,14,2.800,0,0.000,0,1.600,0,0.000,5,5,2,151,30.200,3,0.600,5493,32,6.400,24,4.800,2018,2,11,2.200,0,26,爵士,29,5.800,8,1.600,0,0.276,0,8,1.600
110,17,1.900,2,0.200,特里-罗齐尔,35,3.900,0,0.000,0,Terry Rozier,59,6.556,19,0,0.3,0,15,1.700,16,1.778,12,0.889,0,0.750,9,0,3,162,18.000,4,0.400,5559,58,6.400,39,4.300,2018,2,4,0.400,0,2,凯尔特人,34,3.778,8,0.889,0,0.235,0,10,1.100
111,3,0.800,0,0.000,鲁迪恩-库鲁斯,14,3.500,0,0.000,0,Rodions Kurucs,20,5.000,8,0,0.4,0,10,2.500,9,2.250,7,0.500,0,0.778,4,3,0,68,17.000,6,1.500,1962938094,25,6.300,20,5.000,2018,2,2,0.500,0,17,篮网,8,2.000,2,0.500,0,0.250,0,2,0.500
112,21,1.400,13,0.900,帕特-康诺顿,83,5.500,0,0.000,0,Pat Connaughton,77,5.133,37,0,0.5,0,14,0.900,8,0.533,4,1.000,0,0.500,15,0,24,324,21.600,10,0.700,5584,93,6.200,93,6.200,2018,2,6,0.400,0,15,雄鹿,42,2.800,15,1.000,0,0.357,0,9,0.600
113,14,3.500,1,0.300,伊斯-史密斯,10,2.500,0,0.000,0,Ish Smith,38,9.500,10,0,0.3,0,8,2.000,4,1.000,3,0.250,0,0.750,4,0,14,81,20.300,1,0.300,4800,24,6.000,11,2.800,2018,2,3,0.800,0,8,活塞,7,1.750,1,0.250,0,0.143,0,4,1.000
114,8,1.100,2,0.300,马可-贝里内利,13,1.900,0,0.000,0,Marco Belinelli,38,5.429,14,0,0.4,0,7,1.000,6,0.857,5,1.143,0,0.833,7,0,18,131,18.700,0,0.000,4296,41,5.900,13,1.900,2018,2,0,0.000,0,24,马刺,21,3.000,8,1.143,0,0.381,0,2,0.300
115,11,1.000,3,0.300,博班-马扬诺维奇,23,2.100,0,0.000,0,Boban Marjanovic,40,3.636,24,0,0.6,0,18,1.600,19,1.727,16,0.000,0,0.842,11,0,51,105,9.500,13,1.200,5608,64,5.800,36,3.300,2018,2,2,0.200,0,20,76人,3,0.273,0,0.000,0,0.000,0,14,1.300
116,5,0.500,0,0.000,迈克-斯考特,30,3.000,0,0.000,0,Mike Scott,47,4.700,21,0,0.4,0,22,2.200,2,0.200,2,1.200,0,1.000,10,0,0,193,19.300,4,0.400,5077,56,5.600,34,3.400,2018,2,3,0.300,0,20,76人,34,3.400,12,1.200,0,0.353,0,7,0.700
117,13,0.800,4,0.300,塞斯-库里,20,1.300,0,0.000,0,Seth Curry,82,5.125,30,0,0.4,0,27,1.700,11,0.688,9,1.313,0,0.818,16,0,30,326,20.400,5,0.300,5245,90,5.600,25,1.600,2018,2,12,0.800,0,22,开拓者,52,3.250,21,1.313,0,0.404,0,7,0.400
118,4,1.000,4,1.000,索恩-梅克,5,1.300,0,0.000,0,Thon Maker,26,6.500,7,0,0.3,0,14,3.500,9,2.250,8,0.000,0,0.889,4,2,14,69,17.300,4,1.000,1962937420,22,5.500,9,2.300,2018,2,0,0.000,0,8,活塞,12,3.000,0,0.000,0,0.000,0,3,0.800
119,36,2.600,1,0.100,蒙特-莫里斯,16,1.100,0,0.000,0,Monte Morris,86,6.143,33,0,0.4,0,15,1.100,13,0.929,9,0.000,0,0.692,14,0,11,224,16.000,3,0.200,1962937769,75,5.400,19,1.400,2018,2,5,0.400,0,7,掘金,13,0.929,0,0.000,0,0.000,0,6,0.400
120,2,0.700,1,0.300,埃德-戴维斯,15,5.000,1,0.000,0,Ed Davis,10,3.333,7,0,0.7,0,9,3.000,2,0.667,2,0.000,0,1.000,3,0,17,41,13.700,4,1.300,4728,16,5.300,19,6.300,2018,2,0,0.000,0,17,篮网,0,0.000,0,0.000,0,0.000,0,0,0.000
121,25,3.600,1,0.100,帕蒂-米尔斯,14,2.000,0,0.000,0,Patty Mills,43,6.143,14,0,0.3,0,9,1.300,10,1.429,6,0.429,0,0.600,7,0,8,152,21.700,1,0.100,4660,37,5.300,15,2.100,2018,2,7,1.000,0,24,马刺,22,3.143,3,0.429,0,0.136,0,3,0.400
122,4,0.800,5,1.000,基姆-伯奇,22,4.400,0,0.000,0,Khem Birch,18,3.600,10,0,0.6,0,8,1.600,7,1.400,6,0.000,0,0.857,5,0,24,92,18.400,9,1.800,5390,26,5.200,31,6.200,2018,2,1,0.200,0,19,魔术,0,0.000,0,0.000,0,0.000,0,6,1.200
123,1,0.300,2,0.500,伊维查-祖巴茨,11,2.800,1,0.000,0,Ivica Zubac,18,4.500,9,0,0.5,0,5,1.300,3,0.750,2,0.000,0,0.667,4,3,40,39,9.800,11,2.800,1962937462,20,5.000,22,5.500,2018,2,2,0.500,0,12,快船,0,0.000,0,0.000,0,0.000,0,4,1.000
124,6,1.200,0,0.000,特伦斯-弗格森,10,2.000,0,0.000,0,Terrance Ferguson,25,5.000,9,0,0.4,0,19,3.800,0,0.000,0,1.400,0,0.000,5,5,23,128,25.600,2,0.400,1962937742,25,5.000,12,2.400,2018,2,2,0.400,0,25,雷霆,18,3.600,7,1.400,0,0.389,0,5,1.000
125,1,0.100,2,0.300,丹纽尔-豪斯,20,2.900,0,0.000,0,Danuel House Jr.,37,5.286,11,0,0.3,0,11,1.600,8,1.143,4,1.143,0,0.500,7,0,4,141,20.100,2,0.300,1962937667,34,4.900,22,3.100,2018,2,3,0.400,0,10,火箭,31,4.429,8,1.143,0,0.258,0,4,0.600
126,4,0.800,0,0.000,韦斯利-艾旺杜,7,1.400,0,0.000,0,Wes Iwundu,18,3.600,6,0,0.3,0,4,0.800,9,1.800,9,0.600,0,1.000,5,0,25,60,12.000,0,0.000,1962937761,24,4.800,7,1.400,2018,2,3,0.600,0,19,魔术,9,1.800,3,0.600,0,0.333,0,2,0.400
127,0,0.000,3,0.600,诺伦斯-诺埃尔,8,1.600,0,0.000,0,Nerlens Noel,20,4.000,12,0,0.6,0,9,1.800,2,0.400,0,0.000,0,0.000,5,0,3,60,12.000,11,2.200,5157,24,4.800,19,3.800,2018,2,2,0.400,0,25,雷霆,0,0.000,0,0.000,0,0.000,0,4,0.800
128,5,1.300,1,0.300,福尔康-科尔克马兹,6,1.500,0,0.000,0,Furkan Korkmaz,18,4.500,6,0,0.3,0,5,1.300,5,1.250,4,0.750,0,0.800,4,0,30,36,9.000,0,0.000,1962937456,19,4.800,6,1.500,2018,2,0,0.000,0,20,76人,8,2.000,3,0.750,0,0.375,0,1,0.300
129,0,0.000,0,0.000,哈里-托马斯,2,0.700,0,0.000,0,Khyri Thomas,12,4.000,6,0,0.5,0,0,0.000,1,0.333,1,0.333,0,1.000,3,0,13,15,5.000,0,0.000,1962938084,14,4.700,2,0.700,2018,2,2,0.700,0,8,活塞,4,1.333,1,0.333,0,0.250,0,0,0.000
130,21,1.500,10,0.700,梅森-普拉姆利,36,2.600,0,0.000,0,Mason Plumlee,47,3.357,24,0,0.5,0,39,2.800,28,2.000,16,0.000,0,0.571,14,0,24,218,15.600,26,1.900,5192,64,4.600,62,4.400,2018,2,7,0.500,0,7,掘金,1,0.071,0,0.000,0,0.000,0,8,0.600
131,0,0.000,0,0.000,格雷森-艾伦,1,0.500,0,0.000,0,Grayson Allen,7,3.500,2,0,0.3,0,0,0.000,7,3.500,5,0.000,0,0.714,2,0,3,14,7.000,0,0.000,1962938043,9,4.500,1,0.500,2018,2,0,0.000,0,26,爵士,3,1.500,0,0.000,0,0.000,0,0,0.000
132,5,1.000,1,0.200,乔治-尼昂,14,2.800,0,0.000,0,Georges Niang,22,4.400,9,0,0.4,0,5,1.000,0,0.000,0,0.800,0,0.000,5,0,31,55,11.000,0,0.000,1962937451,22,4.400,14,2.800,2018,2,1,0.200,0,26,爵士,13,2.600,4,0.800,0,0.308,0,2,0.400
133,2,0.700,0,0.000,格伦-罗宾逊,5,1.700,0,0.000,0,Glenn Robinson III,15,5.000,4,0,0.3,0,5,1.700,4,1.333,4,0.333,0,1.000,3,0,30,36,12.000,2,0.700,5412,13,4.300,7,2.300,2018,2,2,0.700,0,8,活塞,8,2.667,1,0.333,0,0.125,0,1,0.300
134,12,0.700,1,0.100,奎因-库克,16,0.900,0,0.000,0,Quinn Cook,70,4.118,28,0,0.4,0,13,0.800,4,0.235,4,0.647,0,1.000,17,0,2,193,11.400,2,0.100,5678,71,4.200,18,1.100,2018,2,3,0.200,0,9,勇士,34,2.000,11,0.647,0,0.324,0,6,0.400
135,19,1.700,3,0.300,斯特尔林-K-布朗,26,2.400,0,0.000,0,Sterling Brown,38,3.455,15,0,0.4,0,17,1.500,11,1.000,8,0.636,0,0.727,11,5,0,162,14.700,4,0.400,1962937771,45,4.100,30,2.700,2018,2,6,0.500,0,15,雄鹿,21,1.909,7,0.636,0,0.333,0,8,0.700
136,31,1.400,4,0.200,肖恩-利文斯顿,20,0.900,0,0.000,0,Shaun Livingston,75,3.409,34,0,0.5,0,35,1.600,25,1.136,21,0.000,0,0.840,22,2,34,322,14.600,11,0.500,3821,89,4.000,31,1.400,2018,2,10,0.500,0,9,勇士,2,0.091,0,0.000,0,0.000,0,8,0.400
137,2,0.300,0,0.000,肯尼斯-法里德,18,3.000,0,0.000,0,Kenneth Faried,13,2.167,9,0,0.7,0,6,1.000,6,1.000,5,0.167,0,0.833,6,0,35,56,9.300,3,0.500,4904,24,4.000,21,3.500,2018,2,2,0.300,0,10,火箭,1,0.167,1,0.167,0,1.000,0,0,0.000
138,4,0.400,3,0.300,格雷格-门罗,17,1.700,0,0.000,0,Greg Monroe,40,4.000,16,0,0.4,0,11,1.100,9,0.900,7,0.100,0,0.778,10,1,55,90,9.000,14,1.400,4722,40,4.000,31,3.100,2018,2,5,0.500,0,20,76人,4,0.400,1,0.100,0,0.250,0,4,0.400
139,3,0.400,2,0.300,内内,5,0.700,0,0.000,0,Nene,10,1.429,10,0,1.0,0,7,1.000,9,1.286,7,0.000,0,0.778,7,0,42,53,7.600,9,1.300,5391,27,3.900,14,2.000,2018,2,3,0.400,0,10,火箭,0,0.000,0,0.000,0,0.000,0,3,0.400
140,5,1.000,3,0.600,马基夫-莫里斯,9,1.800,0,0.000,0,Markieff Morris,16,3.200,5,0,0.3,0,9,1.800,9,1.800,7,0.400,0,0.778,5,0,88,59,11.800,4,0.800,4894,19,3.800,13,2.600,2018,2,1,0.200,0,25,雷霆,7,1.400,2,0.400,0,0.286,0,2,0.400
141,2,0.500,0,0.000,威尔森-钱德勒,6,1.500,0,0.000,0,Wilson Chandler,16,4.000,5,0,0.3,0,7,1.800,4,1.000,4,0.250,0,1.000,4,0,21,52,13.000,0,0.000,4301,15,3.800,6,1.500,2018,2,2,0.500,0,12,快船,10,2.500,1,0.250,0,0.100,0,3,0.800
142,2,0.300,0,0.000,伊曼-香珀特,11,1.400,0,0.000,0,Iman Shumpert,26,3.250,10,0,0.4,0,10,1.300,4,0.500,1,1.000,0,0.250,8,0,10,109,13.600,1,0.100,4898,29,3.600,12,1.500,2018,2,1,0.100,0,10,火箭,22,2.750,8,1.000,0,0.364,0,3,0.400
143,7,1.400,0,0.000,杰罗姆-鲁滨逊,4,0.800,0,0.000,0,Jerome Robinson,14,2.800,5,0,0.4,0,4,0.800,5,1.000,5,0.600,0,1.000,5,0,12,46,9.200,2,0.400,1962938077,18,3.600,6,1.200,2018,2,2,0.400,0,12,快船,6,1.200,3,0.600,0,0.500,0,1,0.200
144,2,0.300,0,0.000,乔纳森-西蒙斯,7,1.000,0,0.000,0,Jonathon Simmons,30,4.286,10,0,0.3,0,2,0.300,4,0.571,3,0.286,0,0.750,7,0,14,52,7.400,2,0.300,5620,25,3.600,9,1.300,2018,2,1,0.100,0,20,76人,10,1.429,2,0.286,0,0.200,0,6,0.900
145,4,2.000,0,0.000,马库斯-斯马特,0,0.000,0,0.000,0,Marcus Smart,11,5.500,1,0,0.1,0,3,1.500,6,3.000,4,0.500,0,0.667,2,0,36,32,16.000,4,2.000,5317,7,3.500,4,2.000,2018,2,3,1.500,0,2,凯尔特人,11,5.500,1,0.500,0,0.091,0,3,1.500
146,1,0.100,3,0.300,杰拉德-格林,12,1.100,0,0.000,0,Gerald Green,40,3.636,12,0,0.3,0,12,1.100,5,0.455,5,0.909,0,1.000,11,0,14,97,8.800,0,0.000,3944,39,3.500,12,1.100,2018,2,3,0.300,0,10,火箭,29,2.636,10,0.909,0,0.345,0,3,0.300
147,1,0.300,1,0.300,贾雷尔-马丁,1,0.300,0,0.000,0,Jarell Martin,9,3.000,4,0,0.4,0,1,0.300,2,0.667,0,0.667,0,0.000,3,0,24,18,6.000,1,0.300,5567,10,3.300,2,0.700,2018,2,0,0.000,0,19,魔术,7,2.333,2,0.667,0,0.286,0,0,0.000
148,2,0.500,1,0.300,布鲁斯-布朗,7,1.800,0,0.000,0,Bruce Brown,14,3.500,5,0,0.4,0,8,2.000,2,0.500,2,0.250,0,1.000,4,2,1,57,14.300,1,0.300,1962938050,13,3.300,8,2.000,2018,2,2,0.500,0,8,活塞,5,1.250,1,0.250,0,0.200,0,2,0.500
149,5,1.000,1,0.200,戴维斯-贝尔坦斯,8,1.600,0,0.000,0,Davis Bertans,15,3.000,5,0,0.3,0,10,2.000,5,1.000,3,0.600,0,0.600,5,0,42,79,15.800,0,0.000,4926,16,3.200,8,1.600,2018,2,0,0.000,0,24,马刺,11,2.200,3,0.600,0,0.273,0,1,0.200
150,3,1.000,0,0.000,西奥-平森,3,1.000,0,0.000,0,Theo Pinson,8,2.667,3,0,0.4,0,0,0.000,0,0.000,0,1.000,0,0.000,3,0,21,22,7.300,0,0.000,1962938265,9,3.000,3,1.000,2018,2,2,0.700,0,17,篮网,7,2.333,3,1.000,0,0.429,0,1,0.300
151,11,2.800,1,0.300,贾里德-杜德里,2,0.500,0,0.000,0,Jared Dudley,11,2.750,3,0,0.3,0,10,2.500,4,1.000,4,0.500,0,1.000,4,2,10,82,20.500,0,0.000,4300,12,3.000,2,0.500,2018,2,3,0.800,0,17,篮网,9,2.250,2,0.500,0,0.222,0,4,1.000
152,4,0.200,1,0.000,阿方索-麦金尼,33,1.500,0,0.000,0,Alfonzo McKinnie,59,2.682,26,0,0.4,0,32,1.500,10,0.455,4,0.455,0,0.400,22,1,28,235,10.700,17,0.800,1962937877,66,3.000,50,2.300,2018,2,2,0.100,0,9,勇士,32,1.455,10,0.455,0,0.313,0,6,0.300
153,11,0.700,7,0.500,乔丹-贝尔,12,0.800,0,0.000,0,Jordan Bell,31,2.067,17,0,0.5,0,13,0.900,10,0.667,7,0.000,0,0.700,15,2,5,106,7.100,7,0.500,1962937747,41,2.700,19,1.300,2018,2,4,0.300,0,9,勇士,0,0.000,0,0.000,0,0.000,0,2,0.100
154,35,2.200,3,0.200,埃文-特纳,59,3.700,0,0.000,0,Evan Turner,46,2.875,15,0,0.3,0,22,1.400,15,0.938,12,0.063,0,0.800,16,0,1,245,15.300,13,0.800,4717,43,2.700,72,4.500,2018,2,3,0.200,0,22,开拓者,1,0.063,1,0.063,0,1.000,0,13,0.800
155,11,1.200,1,0.100,T.J. 麦康奈尔,5,0.600,0,0.000,0,T.J. McConnell,27,3.000,12,0,0.4,0,4,0.400,0,0.000,0,0.000,0,0.000,9,0,9,75,8.300,1,0.100,5652,24,2.700,6,0.700,2018,2,2,0.200,0,20,76人,0,0.000,0,0.000,0,0.000,0,1,0.100
156,21,1.100,6,0.300,安德鲁-博古特,51,2.700,0,0.000,0,Andrew Bogut,37,1.947,24,0,0.6,0,38,2.000,5,0.263,4,0.000,0,0.800,19,6,12,179,9.400,23,1.200,3927,52,2.700,74,3.900,2018,2,5,0.300,0,9,勇士,0,0.000,0,0.000,0,0.000,0,10,0.500
157,2,0.400,0,0.000,多纳塔斯-莫泰尤纳斯,4,0.800,0,0.000,0,Donatas Motiejunas,10,2.000,6,0,0.6,0,1,0.200,2,0.400,1,0.000,0,0.500,5,0,28,19,3.800,3,0.600,4902,13,2.600,7,1.400,2018,2,0,0.000,0,24,马刺,1,0.200,0,0.000,0,0.000,0,0,0.000
158,3,0.800,0,0.000,布拉德-沃纳梅克,0,0.000,0,0.000,0,Brad Wanamaker,7,1.750,3,0,0.4,0,0,0.000,4,1.000,3,0.250,0,0.750,4,0,10,17,4.300,0,0.000,4969,10,2.500,0,0.000,2018,2,2,0.500,0,2,凯尔特人,1,0.250,1,0.250,0,1.000,0,2,0.500
159,0,0.000,0,0.000,凯尔-科沃尔,4,1.000,0,0.000,0,Kyle Korver,8,2.000,3,0,0.4,0,6,1.500,3,0.750,2,0.500,0,0.667,4,0,26,30,7.500,1,0.300,3754,10,2.500,5,1.300,2018,2,0,0.000,0,26,爵士,6,1.500,2,0.500,0,0.333,0,1,0.300
160,0,0.000,1,0.500,克里斯-布切尔,1,0.500,0,0.000,0,Chris Boucher,5,2.500,2,0,0.4,0,0,0.000,1,0.500,0,0.500,0,0.000,2,0,25,4,2.000,0,0.000,1962937847,5,2.500,1,0.500,2018,2,0,0.000,0,28,猛龙,3,1.500,1,0.500,0,0.333,0,0,0.000
161,0,0.000,0,0.000,扎扎-帕楚利亚,8,4.000,0,0.000,0,Zaza Pachulia,6,3.000,2,0,0.3,0,3,1.500,2,1.000,1,0.000,0,0.500,2,0,27,22,11.000,1,0.500,3745,5,2.500,9,4.500,2018,2,0,0.000,0,8,活塞,0,0.000,0,0.000,0,0.000,0,1,0.500
162,4,0.500,1,0.100,D.J.威尔森,9,1.100,0,0.000,0,D.J. Wilson,16,2.000,8,0,0.5,0,7,0.900,2,0.250,2,0.125,0,1.000,8,0,5,43,5.400,1,0.100,1962937743,19,2.400,10,1.300,2018,2,0,0.000,0,15,雄鹿,5,0.625,1,0.125,0,0.200,0,7,0.900
163,2,0.300,1,0.200,加雷特-坦普尔,6,1.000,0,0.000,0,Garrett Temple,11,1.833,3,0,0.3,0,8,1.300,10,1.667,7,0.167,0,0.700,6,0,17,63,10.500,1,0.200,4682,14,2.300,7,1.200,2018,2,3,0.500,0,12,快船,7,1.167,1,0.167,0,0.143,0,2,0.300
164,2,0.300,0,0.000,谢米-奥杰莱,1,0.200,0,0.000,0,Semi Ojeleye,9,1.500,4,0,0.4,0,5,0.800,2,0.333,2,0.500,0,1.000,6,0,37,35,5.800,1,0.200,1962937752,13,2.200,2,0.300,2018,2,0,0.000,0,2,凯尔特人,5,0.833,3,0.500,0,0.600,0,1,0.200
165,3,0.600,1,0.200,雷蒙德-费尔顿,3,0.600,0,0.000,0,Raymond Felton,13,2.600,4,0,0.3,0,7,1.400,2,0.400,1,0.400,0,0.500,5,0,2,57,11.400,0,0.000,3931,11,2.200,3,0.600,2018,2,4,0.800,0,25,雷霆,8,1.600,2,0.400,0,0.250,0,2,0.400
166,12,0.800,2,0.100,乔纳斯-杰雷布科,19,1.200,0,0.000,0,Jonas Jerebko,42,2.625,12,0,0.3,0,9,0.600,6,0.375,5,0.313,0,0.833,16,0,21,121,7.600,15,0.900,4644,34,2.100,34,2.100,2018,2,1,0.100,0,9,勇士,19,1.188,5,0.313,0,0.263,0,2,0.100
167,3,0.300,2,0.200,阿隆-贝恩斯,19,2.100,0,0.000,0,Aron Baynes,14,1.556,8,0,0.6,0,20,2.200,2,0.222,1,0.222,0,0.500,9,5,46,115,12.800,6,0.700,5150,19,2.100,25,2.800,2018,2,3,0.300,0,2,凯尔特人,6,0.667,2,0.222,0,0.333,0,5,0.600
168,2,0.500,0,0.000,阿米尔-约翰逊,2,0.500,0,0.000,0,Amir Johnson,4,1.000,4,0,1.0,0,3,0.800,0,0.000,0,0.000,0,0.000,4,0,5,20,5.000,3,0.800,3982,8,2.000,5,1.300,2018,2,1,0.300,0,20,76人,0,0.000,0,0.000,0,0.000,0,1,0.300
169,0,0.000,0,0.000,T.J.利夫,2,2.000,0,0.000,0,TJ Leaf,3,3.000,0,0,0.0,0,0,0.000,2,2.000,2,0.000,0,1.000,1,0,22,10,10.000,1,1.000,1962937740,2,2.000,3,3.000,2018,2,0,0.000,0,11,步行者,1,1.000,0,0.000,0,0.000,0,0,0.000
170,1,0.300,1,0.300,盖尔雄-亚布塞莱,1,0.300,0,0.000,0,Guerschon Yabusele,4,1.000,2,0,0.5,0,3,0.800,7,1.750,4,0.000,0,0.571,4,0,30,14,3.500,1,0.300,1962937429,8,2.000,2,0.500,2018,2,0,0.000,0,2,凯尔特人,1,0.250,0,0.000,0,0.000,0,1,0.300
171,0,0.000,0,0.000,以赛亚-哈尔滕施泰因,0,0.000,0,0.000,0,Isaiah Hartenstein,2,1.000,2,0,1.0,0,1,0.500,0,0.000,0,0.000,0,0.000,2,0,55,2,1.000,1,0.500,1962937744,4,2.000,1,0.500,2018,2,0,0.000,0,10,火箭,0,0.000,0,0.000,0,0.000,0,0,0.000
172,3,1.500,0,0.000,泰隆·华莱士,1,0.500,0,0.000,0,Tyrone Wallace,4,2.000,1,0,0.2,0,2,1.000,3,1.500,2,0.000,0,0.667,2,0,3,11,5.500,0,0.000,1962937459,4,2.000,1,0.500,2018,2,0,0.000,0,12,快船,0,0.000,0,0.000,0,0.000,0,1,0.500
173,0,0.000,0,0.000,乔恩-洛伊尔,0,0.000,0,0.000,0,Jon Leuer,2,2.000,1,0,0.5,0,1,1.000,1,1.000,0,0.000,0,0.000,1,0,30,5,5.000,0,0.000,4922,2,2.000,0,0.000,2018,2,0,0.000,0,8,活塞,0,0.000,0,0.000,0,0.000,0,0,0.000
174,4,1.300,1,0.300,道格-迈克德莫特,2,0.700,0,0.000,0,Doug McDermott,10,3.333,2,0,0.2,0,2,0.700,4,1.333,2,0.000,0,0.500,3,0,20,29,9.700,3,1.000,5322,6,2.000,5,1.700,2018,2,0,0.000,0,11,步行者,7,2.333,0,0.000,0,0.000,0,0,0.000
175,0,0.000,0,0.000,扎南-穆萨,0,0.000,0,0.000,0,Dzanan Musa,3,1.500,2,0,0.7,0,4,2.000,0,0.000,0,0.000,0,0.000,2,0,31,15,7.500,0,0.000,1962938092,4,2.000,0,0.000,2018,2,2,1.000,0,17,篮网,1,0.500,0,0.000,0,0.000,0,3,1.500
176,10,0.900,0,0.000,蒂姆-弗雷泽,9,0.800,0,0.000,0,Tim Frazier,13,1.182,8,0,0.6,0,5,0.500,2,0.182,2,0.273,0,1.000,11,0,12,40,3.600,0,0.000,5486,21,1.900,9,0.800,2018,2,1,0.100,0,15,雄鹿,6,0.545,3,0.273,0,0.500,0,3,0.300
177,0,0.000,0,0.000,梅尔文-弗雷泽,3,1.000,0,0.000,0,Melvin Frazier Jr.,5,1.667,2,0,0.4,0,0,0.000,2,0.667,1,0.000,0,0.500,3,0,35,15,5.000,1,0.300,1962938059,5,1.700,4,1.300,2018,2,1,0.300,0,19,魔术,0,0.000,0,0.000,0,0.000,0,0,0.000
178,0,0.000,0,0.000,艾伦-霍利迪,0,0.000,0,0.000,0,Aaron Holiday,5,1.667,2,0,0.4,0,3,1.000,0,0.000,0,0.333,0,0.000,3,0,3,13,4.300,0,0.000,1962938064,5,1.700,0,0.000,2018,2,0,0.000,0,11,步行者,2,0.667,1,0.333,0,0.500,0,1,0.300
179,3,1.000,0,0.000,杰里安-格兰特,4,1.300,0,0.000,0,Jerian Grant,10,3.333,2,0,0.2,0,1,0.300,1,0.333,1,0.000,0,1.000,3,0,25,14,4.700,0,0.000,5562,5,1.700,4,1.300,2018,2,0,0.000,0,19,魔术,7,2.333,0,0.000,0,0.000,0,1,0.300
180,0,0.000,1,0.100,丹尼尔-泰斯,6,0.900,0,0.000,0,Daniel Theis,14,2.000,5,0,0.4,0,4,0.600,2,0.286,2,0.000,0,1.000,7,0,27,42,6.000,4,0.600,1962937947,12,1.700,10,1.400,2018,2,1,0.100,0,2,凯尔特人,2,0.286,0,0.000,0,0.000,0,1,0.100
181,1,0.100,1,0.100,朱迪-米克斯,9,0.600,0,0.000,0,Jodie Meeks,29,2.071,9,0,0.3,0,7,0.500,3,0.214,2,0.143,0,0.667,14,0,20,67,4.800,0,0.000,4646,22,1.600,9,0.600,2018,2,4,0.300,0,28,猛龙,13,0.929,2,0.143,0,0.154,0,3,0.200
182,3,0.300,1,0.100,乔纳博尔登,10,1.000,0,0.000,0,Jonah Bolden,19,1.900,5,0,0.3,0,12,1.200,4,0.400,2,0.400,0,0.500,10,0,43,79,7.900,4,0.400,1962937763,16,1.600,14,1.400,2018,2,2,0.200,0,20,76人,16,1.600,4,0.400,0,0.250,0,9,0.900
183,3,0.600,1,0.200,特雷沃恩-格拉汉姆,8,1.600,0,0.000,0,Treveon Graham,10,2.000,2,0,0.2,0,10,2.000,6,1.200,3,0.000,0,0.500,5,0,2,79,15.800,2,0.400,5622,7,1.400,10,2.000,2018,2,3,0.600,0,17,篮网,7,1.400,0,0.000,0,0.000,0,3,0.600
184,2,0.500,0,0.000,萨博-塞弗洛沙,7,1.800,0,0.000,0,Thabo Sefolosha,14,3.500,2,0,0.1,0,3,0.800,0,0.000,0,0.250,0,0.000,4,0,18,42,10.500,1,0.300,4141,5,1.300,8,2.000,2018,2,0,0.000,0,26,爵士,8,2.000,1,0.250,0,0.125,0,1,0.300
185,0,0.000,0,0.000,罗伯特-威廉姆斯三世,6,2.000,0,0.000,0,Robert Williams III,2,0.667,1,0,0.5,0,1,0.300,2,0.667,2,0.000,0,1.000,3,0,44,13,4.300,1,0.300,1962938091,4,1.300,7,2.300,2018,2,0,0.000,0,2,凯尔特人,0,0.000,0,0.000,0,0.000,0,0,0.000
186,0,0.000,0,0.000,辛达里厄斯-桑韦尔,4,1.000,0,0.000,0,Sindarius Thornwell,6,1.500,2,0,0.3,0,2,0.500,0,0.000,0,0.250,0,0.000,4,0,12,12,3.000,0,0.000,1962937764,5,1.300,4,1.000,2018,2,1,0.300,0,12,快船,3,0.750,1,0.250,0,0.333,0,0,0.000
187,0,0.000,0,0.000,丹特-康宁汉姆,4,0.800,0,0.000,0,Dante Cunningham,3,0.600,2,0,0.7,0,0,0.000,0,0.000,0,0.400,0,0.000,5,0,33,13,2.600,2,0.400,4638,6,1.200,6,1.200,2018,2,0,0.000,0,24,马刺,2,0.400,2,0.400,0,1.000,0,0,0.000
188,4,0.500,0,0.000,林书豪,3,0.400,0,0.000,0,Jeremy Lin,9,1.125,2,0,0.2,0,2,0.300,4,0.500,4,0.125,0,1.000,8,0,17,27,3.400,0,0.000,4795,9,1.100,3,0.400,2018,2,1,0.100,0,28,猛龙,2,0.250,1,0.125,0,0.500,0,5,0.600
189,3,0.500,0,0.000,朗尼-沃克,2,0.300,0,0.000,0,Lonnie Walker IV,8,1.333,3,0,0.4,0,0,0.000,0,0.000,0,0.000,0,0.000,6,0,1,21,3.500,0,0.000,1962938086,6,1.000,2,0.300,2018,2,0,0.000,0,24,马刺,1,0.167,0,0.000,0,0.000,0,0,0.000
190,0,0.000,0,0.000,杰克-雷曼,3,0.500,0,0.000,0,Jake Layman,7,1.167,1,0,0.1,0,3,0.500,4,0.667,3,0.000,0,0.750,6,0,10,20,3.300,1,0.200,1962937449,5,0.800,4,0.700,2018,2,0,0.000,0,22,开拓者,5,0.833,0,0.000,0,0.000,0,0,0.000
191,0,0.000,0,0.000,安芬尼-西蒙斯,0,0.000,0,0.000,0,Anfernee Simons,7,1.400,0,0,0.0,0,2,0.400,5,1.000,4,0.000,0,0.800,5,0,1,12,2.400,0,0.000,1962938081,4,0.800,0,0.000,2018,2,1,0.200,0,22,开拓者,2,0.400,0,0.000,0,0.000,0,0,0.000
192,1,0.100,1,0.100,马尔科姆-米勒,5,0.500,0,0.000,0,Malcolm Miller,8,0.800,2,0,0.2,0,3,0.300,4,0.400,3,0.100,0,0.750,10,0,13,28,2.800,0,0.000,5744,8,0.800,5,0.500,2018,2,0,0.000,0,28,猛龙,6,0.600,1,0.100,0,0.167,0,1,0.100
193,0,0.000,0,0.000,达米安-琼斯,2,0.500,0,0.000,0,Damian Jones,1,0.250,1,0,1.0,0,3,0.800,2,0.500,1,0.000,0,0.500,4,1,30,8,2.000,0,0.000,1962937434,3,0.800,2,0.500,2018,2,0,0.000,0,9,勇士,0,0.000,0,0.000,0,0.000,0,1,0.300
194,0,0.000,1,0.300,阿卜杜勒-纳德,0,0.000,0,0.000,0,Abdel Nader,2,0.667,1,0,0.5,0,0,0.000,0,0.000,0,0.000,0,0.000,3,0,11,5,1.700,0,0.000,1962937466,2,0.700,0,0.000,2018,2,0,0.000,0,25,雷霆,0,0.000,0,0.000,0,0.000,0,0,0.000
195,0,0.000,0,0.000,德翁特-伯顿,1,0.300,0,0.000,0,Deonte Burton,5,1.667,1,0,0.2,0,0,0.000,0,0.000,0,0.000,0,0.000,3,0,30,4,1.300,1,0.300,5495,2,0.700,2,0.700,2018,2,0,0.000,0,25,雷霆,2,0.667,0,0.000,0,0.000,0,0,0.000
196,1,0.100,0,0.000,雅各布-埃文斯,1,0.100,0,0.000,0,Jacob Evans,5,0.714,2,0,0.4,0,1,0.100,0,0.000,0,0.143,0,0.000,7,0,44,18,2.600,0,0.000,1962938058,5,0.700,1,0.100,2018,2,0,0.000,0,9,勇士,2,0.286,1,0.143,0,0.500,0,2,0.300
197,1,0.300,0,0.000,劳尔-内托,3,1.000,0,0.000,0,Raul Neto,6,2.000,1,0,0.2,0,2,0.700,0,0.000,0,0.000,0,0.000,3,0,19,20,6.700,0,0.000,5217,2,0.700,3,1.000,2018,2,0,0.000,0,26,爵士,1,0.333,0,0.000,0,0.000,0,0,0.000
198,0,0.000,0,0.000,斯卡尔-拉比西埃,0,0.000,0,0.000,0,Skal Labissiere,4,1.333,1,0,0.2,0,1,0.300,1,0.333,0,0.000,0,0.000,3,0,7,11,3.700,0,0.000,1962937435,2,0.700,0,0.000,2018,2,0,0.000,0,22,开拓者,2,0.667,0,0.000,0,0.000,0,0,0.000
199,0,0.000,1,0.100,托尼-斯内尔,1,0.100,0,0.000,0,Tony Snell,6,0.667,2,0,0.3,0,3,0.300,0,0.000,0,0.111,0,0.000,9,0,19,28,3.100,2,0.200,5190,5,0.600,3,0.300,2018,2,1,0.100,0,15,雄鹿,2,0.222,1,0.111,0,0.500,0,1,0.100
